seed,region,mice,keypoints,n_keypoints,n_mice,input_dim,n_train_windows,n_val_windows,best_epoch,accuracy,balanced_accuracy,macro_f1,weighted_f1,runtime_seconds,model_path,history_path,predictions_path,full_accuracy,full_balanced_accuracy,full_macro_f1,full_weighted_f1,accuracy_retention_percent,balanced_accuracy_retention_percent,macro_f1_retention_percent,weighted_f1_retention_percent
11,full_body_both_mice,"0,1","nose,left_ear,right_ear,neck,left_hip,right_hip,tail_base",7,2,65,24435,7232,3,0.8095962389380531,0.8179788961038961,0.819290347272398,0.8084254636788081,10.679794549942017,/content/calms21_minimum_body_paper_grade/models/model_seed_11_full_body_both_mice.pt,/content/calms21_minimum_body_paper_grade/results/history_seed_11_full_body_both_mice.csv,/content/calms21_minimum_body_paper_grade/results/predictions_seed_11_full_body_both_mice.csv,0.8095962389380531,0.8179788961038961,0.819290347272398,0.8084254636788081,100.0,100.0,100.00000000000001,100.00000000000001
11,head_neck_both_mice,"0,1","nose,left_ear,right_ear,neck",4,2,37,24435,7232,6,0.7836006637168141,0.7841152597402598,0.7932341865075074,0.7860037988732421,9.757134437561035,/content/calms21_minimum_body_paper_grade/models/model_seed_11_head_neck_both_mice.pt,/content/calms21_minimum_body_paper_grade/results/history_seed_11_head_neck_both_mice.csv,/content/calms21_minimum_body_paper_grade/results/predictions_seed_11_head_neck_both_mice.csv,0.8095962389380531,0.8179788961038961,0.819290347272398,0.8084254636788081,96.78906917164817,95.86008434631606,96.8196670628871,97.22650190859473
11,head_only_both_mice,"0,1","nose,left_ear,right_ear",3,2,28,24435,7232,4,0.766316371681416,0.7684123376623376,0.7750022497848178,0.7682959983879363,9.741827487945557,/content/calms21_minimum_body_paper_grade/models/model_seed_11_head_only_both_mice.pt,/content/calms21_minimum_body_paper_grade/results/history_seed_11_head_only_both_mice.csv,/content/calms21_minimum_body_paper_grade/results/predictions_seed_11_head_only_both_mice.csv,0.8095962389380531,0.8179788961038961,0.819290347272398,0.8084254636788081,94.65414175918019,93.9403621930042,94.59433427538536,95.03609583148713
11,no_tail_both_mice,"0,1","nose,left_ear,right_ear,neck,left_hip,right_hip",6,2,55,24435,7232,1,0.806554203539823,0.8146055194805195,0.8150865811685475,0.8063515441288428,10.558774709701538,/content/calms21_minimum_body_paper_grade/models/model_seed_11_no_tail_both_mice.pt,/content/calms21_minimum_body_paper_grade/results/history_seed_11_no_tail_both_mice.csv,/content/calms21_minimum_body_paper_grade/results/predictions_seed_11_no_tail_both_mice.csv,0.8095962389380531,0.8179788961038961,0.819290347272398,0.8084254636788081,99.62425277540562,99.58759612999258,99.4869015462167,99.74346187210287
11,trunk_tail_both_mice,"0,1","neck,left_hip,right_hip,tail_base",4,2,38,24435,7232,9,0.802129424778761,0.8109172077922078,0.8086418300260566,0.8010164150690022,10.00091552734375,/content/calms21_minimum_body_paper_grade/models/model_seed_11_trunk_tail_both_mice.pt,/content/calms21_minimum_body_paper_grade/results/history_seed_11_trunk_tail_both_mice.csv,/content/calms21_minimum_body_paper_grade/results/predictions_seed_11_trunk_tail_both_mice.csv,0.8095962389380531,0.8179788961038961,0.819290347272398,0.8084254636788081,99.07771135781383,99.13669064748201,98.70027551504876,99.08352112313604
11,hips_tail_both_mice,"0,1","left_hip,right_hip,tail_base",3,2,28,24435,7232,7,0.8017146017699115,0.804698051948052,0.8106133524267096,0.8038493586924599,9.701148986816406,/content/calms21_minimum_body_paper_grade/models/model_seed_11_hips_tail_both_mice.pt,/content/calms21_minimum_body_paper_grade/results/history_seed_11_hips_tail_both_mice.csv,/content/calms21_minimum_body_paper_grade/results/predictions_seed_11_hips_tail_both_mice.csv,0.8095962389380531,0.8179788961038961,0.819290347272398,0.8084254636788081,99.0264730999146,98.37638303150584,98.9409133313268,99.43394843532955
11,hips_only_both_mice,"0,1","left_hip,right_hip",2,2,19,24435,7232,7,0.7823561946902655,0.7904707792207792,0.7921974087860856,0.7826311106501341,13.933631420135498,/content/calms21_minimum_body_paper_grade/models/model_seed_11_hips_only_both_mice.pt,/content/calms21_minimum_body_paper_grade/results/history_seed_11_hips_only_both_mice.csv,/content/calms21_minimum_body_paper_grade/results/predictions_seed_11_hips_only_both_mice.csv,0.8095962389380531,0.8179788961038961,0.819290347272398,0.8084254636788081,96.63535439795046,96.63706276358224,96.69312123882445,96.80930967818672
11,neck_only_both_mice,"0,1",neck,1,2,10,24435,7232,10,0.6547289823008849,0.6415892857142858,0.6495153257734341,0.6567008812337025,9.322932481765747,/content/calms21_minimum_body_paper_grade/models/model_seed_11_neck_only_both_mice.pt,/content/calms21_minimum_body_paper_grade/results/history_seed_11_neck_only_both_mice.csv,/content/calms21_minimum_body_paper_grade/results/predictions_seed_11_neck_only_both_mice.csv,0.8095962389380531,0.8179788961038961,0.819290347272398,0.8084254636788081,80.87105038428693,78.43592160754156,79.27779546479668,81.23208764916062
11,tail_base_only_both_mice,"0,1",tail_base,1,2,10,24435,7232,7,0.650304203539823,0.6717970779220779,0.6565789349071924,0.6473726743806546,9.3785982131958,/content/calms21_minimum_body_paper_grade/models/model_seed_11_tail_base_only_both_mice.pt,/content/calms21_minimum_body_paper_grade/results/history_seed_11_tail_base_only_both_mice.csv,/content/calms21_minimum_body_paper_grade/results/predictions_seed_11_tail_base_only_both_mice.csv,0.8095962389380531,0.8179788961038961,0.819290347272398,0.8084254636788081,80.32450896669512,82.12890101711734,80.13995735371368,80.07821419116746
11,resident_only_full_body,0,"nose,left_ear,right_ear,neck,left_hip,right_hip,tail_base",7,1,28,24435,7232,9,0.6844579646017699,0.7025162337662337,0.680796028389329,0.679819978693025,10.016020059585571,/content/calms21_minimum_body_paper_grade/models/model_seed_11_resident_only_full_body.pt,/content/calms21_minimum_body_paper_grade/results/history_seed_11_resident_only_full_body.csv,/content/calms21_minimum_body_paper_grade/results/predictions_seed_11_resident_only_full_body.csv,0.8095962389380531,0.8179788961038961,0.819290347272398,0.8084254636788081,84.54312553373185,85.88439593153063,83.09581952916352,84.09185623612683
11,intruder_only_full_body,1,"nose,left_ear,right_ear,neck,left_hip,right_hip,tail_base",7,1,28,24435,7232,10,0.6161504424778761,0.637961038961039,0.6176714744728032,0.6109132442847998,9.774191856384277,/content/calms21_minimum_body_paper_grade/models/model_seed_11_intruder_only_full_body.pt,/content/calms21_minimum_body_paper_grade/results/history_seed_11_intruder_only_full_body.csv,/content/calms21_minimum_body_paper_grade/results/predictions_seed_11_intruder_only_full_body.csv,0.8095962389380531,0.8179788961038961,0.819290347272398,0.8084254636788081,76.1058923996584,77.99235921607541,75.39103524521808,75.56828325332403
22,full_body_both_mice,"0,1","nose,left_ear,right_ear,neck,left_hip,right_hip,tail_base",7,2,65,27624,7060,1,0.7934844192634561,0.7785094339622641,0.7753280942878569,0.7950031915128375,11.535302877426147,/content/calms21_minimum_body_paper_grade/models/model_seed_22_full_body_both_mice.pt,/content/calms21_minimum_body_paper_grade/results/history_seed_22_full_body_both_mice.csv,/content/calms21_minimum_body_paper_grade/results/predictions_seed_22_full_body_both_mice.csv,0.7934844192634561,0.7785094339622641,0.7753280942878569,0.7950031915128375,100.0,100.0,100.0,100.0
22,head_neck_both_mice,"0,1","nose,left_ear,right_ear,neck",4,2,37,27624,7060,7,0.7934844192634561,0.7765141509433962,0.7787633730838742,0.7950018682608485,10.635144710540771,/content/calms21_minimum_body_paper_grade/models/model_seed_22_head_neck_both_mice.pt,/content/calms21_minimum_body_paper_grade/results/history_seed_22_head_neck_both_mice.csv,/content/calms21_minimum_body_paper_grade/results/predictions_seed_22_head_neck_both_mice.csv,0.7934844192634561,0.7785094339622641,0.7753280942878569,0.7950031915128375,100.0,99.74370470904728,100.44307420578802,99.99983355387714
22,head_only_both_mice,"0,1","nose,left_ear,right_ear",3,2,28,27624,7060,10,0.8076487252124646,0.7942240566037735,0.7944580172871483,0.8094553891484554,10.513251543045044,/content/calms21_minimum_body_paper_grade/models/model_seed_22_head_only_both_mice.pt,/content/calms21_minimum_body_paper_grade/results/history_seed_22_head_only_both_mice.csv,/content/calms21_minimum_body_paper_grade/results/predictions_seed_22_head_only_both_mice.csv,0.7934844192634561,0.7785094339622641,0.7753280942878569,0.7950031915128375,101.7850767583006,102.01855262839,102.46733262218008,101.81787919720377
22,no_tail_both_mice,"0,1","nose,left_ear,right_ear,neck,left_hip,right_hip",6,2,55,27624,7060,11,0.8045325779036827,0.782938679245283,0.7841968290355136,0.8072250580787651,11.49294662475586,/content/calms21_minimum_body_paper_grade/models/model_seed_22_no_tail_both_mice.pt,/content/calms21_minimum_body_paper_grade/results/history_seed_22_no_tail_both_mice.csv,/content/calms21_minimum_body_paper_grade/results/predictions_seed_22_no_tail_both_mice.csv,0.7934844192634561,0.7785094339622641,0.7753280942878569,0.7950031915128375,101.39235987147447,100.56893919197304,101.14386861678251,101.53733553480085
22,trunk_tail_both_mice,"0,1","neck,left_hip,right_hip,tail_base",4,2,38,27624,7060,1,0.7495750708215297,0.7229103773584906,0.7263413178995608,0.7535611549217555,10.761048793792725,/content/calms21_minimum_body_paper_grade/models/model_seed_22_trunk_tail_both_mice.pt,/content/calms21_minimum_body_paper_grade/results/history_seed_22_trunk_tail_both_mice.csv,/content/calms21_minimum_body_paper_grade/results/predictions_seed_22_trunk_tail_both_mice.csv,0.7934844192634561,0.7785094339622641,0.7753280942878569,0.7950031915128375,94.46626204926811,92.85826809820412,93.68180042111196,94.78718613541405
22,hips_tail_both_mice,"0,1","left_hip,right_hip,tail_base",3,2,28,27624,7060,5,0.7708215297450425,0.7484221698113208,0.7513685444602713,0.7729763064445131,10.608512163162231,/content/calms21_minimum_body_paper_grade/models/model_seed_22_hips_tail_both_mice.pt,/content/calms21_minimum_body_paper_grade/results/history_seed_22_hips_tail_both_mice.csv,/content/calms21_minimum_body_paper_grade/results/predictions_seed_22_hips_tail_both_mice.csv,0.7934844192634561,0.7785094339622641,0.7753280942878569,0.7950031915128375,97.14387718671902,96.13527301810427,96.9097534315982,97.22933375570369
22,hips_only_both_mice,"0,1","left_hip,right_hip",2,2,19,27624,7060,1,0.7773371104815864,0.7337759433962264,0.7397033029314166,0.7726824134527545,12.42167067527771,/content/calms21_minimum_body_paper_grade/models/model_seed_22_hips_only_both_mice.pt,/content/calms21_minimum_body_paper_grade/results/history_seed_22_hips_only_both_mice.csv,/content/calms21_minimum_body_paper_grade/results/predictions_seed_22_hips_only_both_mice.csv,0.7934844192634561,0.7785094339622641,0.7753280942878569,0.7950031915128375,97.9650124955373,94.2539565206854,95.40519792602616,97.19236623218981
22,neck_only_both_mice,"0,1",neck,1,2,10,27624,7060,8,0.6606232294617563,0.6532783018867925,0.652477984228424,0.6602017084074636,10.023956775665283,/content/calms21_minimum_body_paper_grade/models/model_seed_22_neck_only_both_mice.pt,/content/calms21_minimum_body_paper_grade/results/history_seed_22_neck_only_both_mice.csv,/content/calms21_minimum_body_paper_grade/results/predictions_seed_22_neck_only_both_mice.csv,0.7934844192634561,0.7785094339622641,0.7753280942878569,0.7950031915128375,83.2559800071403,83.91398657327743,84.15508080198339,83.04390667302155
22,tail_base_only_both_mice,"0,1",tail_base,1,2,10,27624,7060,11,0.591784702549575,0.5904221698113208,0.588050100577405,0.594391546679565,10.028985261917114,/content/calms21_minimum_body_paper_grade/models/model_seed_22_tail_base_only_both_mice.pt,/content/calms21_minimum_body_paper_grade/results/history_seed_22_tail_base_only_both_mice.csv,/content/calms21_minimum_body_paper_grade/results/predictions_seed_22_tail_base_only_both_mice.csv,0.7934844192634561,0.7785094339622641,0.7753280942878569,0.7950031915128375,74.58050696179934,75.8400790092339,75.84532340692907,74.76593214028209
22,resident_only_full_body,0,"nose,left_ear,right_ear,neck,left_hip,right_hip,tail_base",7,1,28,27624,7060,12,0.6113314447592068,0.6358278301886793,0.6217416194178675,0.6141304646378103,10.366332769393921,/content/calms21_minimum_body_paper_grade/models/model_seed_22_resident_only_full_body.pt,/content/calms21_minimum_body_paper_grade/results/history_seed_22_resident_only_full_body.csv,/content/calms21_minimum_body_paper_grade/results/predictions_seed_22_resident_only_full_body.csv,0.7934844192634561,0.7785094339622641,0.7753280942878569,0.7950031915128375,77.04391288825418,81.6724631007489,80.19077652396186,77.24880493487849
22,intruder_only_full_body,1,"nose,left_ear,right_ear,neck,left_hip,right_hip,tail_base",7,1,28,27624,7060,9,0.5279036827195468,0.5486792452830189,0.5373358220907967,0.5299434649349375,10.376902341842651,/content/calms21_minimum_body_paper_grade/models/model_seed_22_intruder_only_full_body.pt,/content/calms21_minimum_body_paper_grade/results/history_seed_22_intruder_only_full_body.csv,/content/calms21_minimum_body_paper_grade/results/predictions_seed_22_intruder_only_full_body.csv,0.7934844192634561,0.7785094339622641,0.7753280942878569,0.7950031915128375,66.52981078186362,70.47817551683188,69.30431465718297,66.6592877352468
33,full_body_both_mice,"0,1","nose,left_ear,right_ear,neck,left_hip,right_hip,tail_base",7,2,65,26593,6868,12,0.7682003494467093,0.7411722350230414,0.7371563547165577,0.7700553448047069,11.310498714447021,/content/calms21_minimum_body_paper_grade/models/model_seed_33_full_body_both_mice.pt,/content/calms21_minimum_body_paper_grade/results/history_seed_33_full_body_both_mice.csv,/content/calms21_minimum_body_paper_grade/results/predictions_seed_33_full_body_both_mice.csv,0.7682003494467093,0.7411722350230414,0.7371563547165577,0.7700553448047069,100.0,100.0,100.0,100.00000000000001
33,head_neck_both_mice,"0,1","nose,left_ear,right_ear,neck",4,2,37,26593,6868,7,0.7434478741991847,0.7305184331797235,0.718843990390279,0.7460442862486739,10.483339786529541,/content/calms21_minimum_body_paper_grade/models/model_seed_33_head_neck_both_mice.pt,/content/calms21_minimum_body_paper_grade/results/history_seed_33_head_neck_both_mice.csv,/content/calms21_minimum_body_paper_grade/results/predictions_seed_33_head_neck_both_mice.csv,0.7682003494467093,0.7411722350230414,0.7371563547165577,0.7700553448047069,96.77786201667931,98.56257407659278,97.51581001654391,96.88190482437047
33,head_only_both_mice,"0,1","nose,left_ear,right_ear",3,2,28,26593,6868,1,0.7542224810716366,0.7079798387096774,0.7088721752984921,0.7548126593501634,10.141976594924927,/content/calms21_minimum_body_paper_grade/models/model_seed_33_head_only_both_mice.pt,/content/calms21_minimum_body_paper_grade/results/history_seed_33_head_only_both_mice.csv,/content/calms21_minimum_body_paper_grade/results/predictions_seed_33_head_only_both_mice.csv,0.7682003494467093,0.7411722350230414,0.7371563547165577,0.7700553448047069,98.18043972706596,95.52163522256981,96.16306917289737,98.02057273449492
33,no_tail_both_mice,"0,1","nose,left_ear,right_ear,neck,left_hip,right_hip",6,2,55,26593,6868,5,0.737478159580664,0.7262085253456221,0.7111933331390218,0.743435507047666,11.002907276153564,/content/calms21_minimum_body_paper_grade/models/model_seed_33_no_tail_both_mice.pt,/content/calms21_minimum_body_paper_grade/results/history_seed_33_no_tail_both_mice.csv,/content/calms21_minimum_body_paper_grade/results/predictions_seed_33_no_tail_both_mice.csv,0.7682003494467093,0.7411722350230414,0.7371563547165577,0.7700553448047069,96.00075815011373,97.98107525210328,96.47794916079657,96.54312668087617
33,trunk_tail_both_mice,"0,1","neck,left_hip,right_hip,tail_base",4,2,38,26593,6868,6,0.7498543972044264,0.7078162442396313,0.7060215901729386,0.7508149433278647,10.415706396102905,/content/calms21_minimum_body_paper_grade/models/model_seed_33_trunk_tail_both_mice.pt,/content/calms21_minimum_body_paper_grade/results/history_seed_33_trunk_tail_both_mice.csv,/content/calms21_minimum_body_paper_grade/results/predictions_seed_33_trunk_tail_both_mice.csv,0.7682003494467093,0.7411722350230414,0.7371563547165577,0.7700553448047069,97.61182714177409,95.49956282666562,95.77636896915978,97.50142614986694
33,hips_tail_both_mice,"0,1","left_hip,right_hip,tail_base",3,2,28,26593,6868,2,0.7578625509609784,0.7199078341013825,0.7155944488321022,0.7550975232942525,10.0041184425354,/content/calms21_minimum_body_paper_grade/models/model_seed_33_hips_tail_both_mice.pt,/content/calms21_minimum_body_paper_grade/results/history_seed_33_hips_tail_both_mice.csv,/content/calms21_minimum_body_paper_grade/results/predictions_seed_33_hips_tail_both_mice.csv,0.7682003494467093,0.7411722350230414,0.7371563547165577,0.7700553448047069,98.65428354814254,97.13097713097714,97.07498880712407,98.05756539301109
33,hips_only_both_mice,"0,1","left_hip,right_hip",2,2,19,26593,6868,2,0.7451951077460687,0.717020737327189,0.7124584680811973,0.7505317414992829,12.29986023902893,/content/calms21_minimum_body_paper_grade/models/model_seed_33_hips_only_both_mice.pt,/content/calms21_minimum_body_paper_grade/results/history_seed_33_hips_only_both_mice.csv,/content/calms21_minimum_body_paper_grade/results/predictions_seed_33_hips_only_both_mice.csv,0.7682003494467093,0.7411722350230414,0.7371563547165577,0.7700553448047069,97.00530705079606,96.74144597509085,96.64957285149403,97.46464933499354
33,neck_only_both_mice,"0,1",neck,1,2,10,26593,6868,5,0.6004659289458357,0.5813594470046083,0.5797107264831114,0.60654151012444,9.746846437454224,/content/calms21_minimum_body_paper_grade/models/model_seed_33_neck_only_both_mice.pt,/content/calms21_minimum_body_paper_grade/results/history_seed_33_neck_only_both_mice.csv,/content/calms21_minimum_body_paper_grade/results/predictions_seed_33_neck_only_both_mice.csv,0.7682003494467093,0.7411722350230414,0.7371563547165577,0.7700553448047069,78.16527672479151,78.43783395185264,78.64148803356848,78.76596327998534
33,tail_base_only_both_mice,"0,1",tail_base,1,2,10,26593,6868,4,0.5700349446709376,0.5487137096774194,0.5473169216773324,0.5732577453491049,9.873161315917969,/content/calms21_minimum_body_paper_grade/models/model_seed_33_tail_base_only_both_mice.pt,/content/calms21_minimum_body_paper_grade/results/history_seed_33_tail_base_only_both_mice.csv,/content/calms21_minimum_body_paper_grade/results/predictions_seed_33_tail_base_only_both_mice.csv,0.7682003494467093,0.7411722350230414,0.7371563547165577,0.7700553448047069,74.20394238059134,74.0332251734121,74.2470600945684,74.44370709412948
33,resident_only_full_body,0,"nose,left_ear,right_ear,neck,left_hip,right_hip,tail_base",7,1,28,26593,6868,5,0.5827023878858474,0.6143629032258064,0.6067891995457777,0.5824073927962596,10.203148126602173,/content/calms21_minimum_body_paper_grade/models/model_seed_33_resident_only_full_body.pt,/content/calms21_minimum_body_paper_grade/results/history_seed_33_resident_only_full_body.csv,/content/calms21_minimum_body_paper_grade/results/predictions_seed_33_resident_only_full_body.csv,0.7682003494467093,0.7411722350230414,0.7371563547165577,0.7700553448047069,75.85291887793784,82.89070666640761,82.31485703994139,75.63188759425641
33,intruder_only_full_body,1,"nose,left_ear,right_ear,neck,left_hip,right_hip,tail_base",7,1,28,26593,6868,6,0.4630168899242865,0.4750967741935484,0.4732536601150219,0.46680494522495597,10.175627946853638,/content/calms21_minimum_body_paper_grade/models/model_seed_33_intruder_only_full_body.pt,/content/calms21_minimum_body_paper_grade/results/history_seed_33_intruder_only_full_body.csv,/content/calms21_minimum_body_paper_grade/results/predictions_seed_33_intruder_only_full_body.csv,0.7682003494467093,0.7411722350230414,0.7371563547165577,0.7700553448047069,60.27293404094011,64.10072473623876,64.19990237986778,60.61966173916266
44,full_body_both_mice,"0,1","nose,left_ear,right_ear,neck,left_hip,right_hip,tail_base",7,2,65,24003,8000,10,0.786375,0.7863749999999999,0.7855294003679302,0.7855294003679302,10.668498754501343,/content/calms21_minimum_body_paper_grade/models/model_seed_44_full_body_both_mice.pt,/content/calms21_minimum_body_paper_grade/results/history_seed_44_full_body_both_mice.csv,/content/calms21_minimum_body_paper_grade/results/predictions_seed_44_full_body_both_mice.csv,0.786375,0.7863749999999999,0.7855294003679302,0.7855294003679302,100.0,100.0,100.0,100.0
44,head_neck_both_mice,"0,1","nose,left_ear,right_ear,neck",4,2,37,24003,8000,7,0.75425,0.75425,0.7559271389379988,0.7559271389379988,9.921532154083252,/content/calms21_minimum_body_paper_grade/models/model_seed_44_head_neck_both_mice.pt,/content/calms21_minimum_body_paper_grade/results/history_seed_44_head_neck_both_mice.csv,/content/calms21_minimum_body_paper_grade/results/predictions_seed_44_head_neck_both_mice.csv,0.786375,0.7863749999999999,0.7855294003679302,0.7855294003679302,95.91479891909076,95.91479891909077,96.2315527062302,96.2315527062302
44,head_only_both_mice,"0,1","nose,left_ear,right_ear",3,2,28,24003,8000,3,0.7555,0.7555000000000001,0.7489056044913213,0.7489056044913214,9.823152303695679,/content/calms21_minimum_body_paper_grade/models/model_seed_44_head_only_both_mice.pt,/content/calms21_minimum_body_paper_grade/results/history_seed_44_head_only_both_mice.csv,/content/calms21_minimum_body_paper_grade/results/predictions_seed_44_head_only_both_mice.csv,0.786375,0.7863749999999999,0.7855294003679302,0.7855294003679302,96.07375615959306,96.07375615959309,95.33769253455633,95.33769253455634
44,no_tail_both_mice,"0,1","nose,left_ear,right_ear,neck,left_hip,right_hip",6,2,55,24003,8000,2,0.771,0.771,0.7711001170303948,0.7711001170303949,10.625710248947144,/content/calms21_minimum_body_paper_grade/models/model_seed_44_no_tail_both_mice.pt,/content/calms21_minimum_body_paper_grade/results/history_seed_44_no_tail_both_mice.csv,/content/calms21_minimum_body_paper_grade/results/predictions_seed_44_no_tail_both_mice.csv,0.786375,0.7863749999999999,0.7855294003679302,0.7855294003679302,98.04482594182166,98.04482594182167,98.16311352181383,98.16311352181384
44,trunk_tail_both_mice,"0,1","neck,left_hip,right_hip,tail_base",4,2,38,24003,8000,5,0.77875,0.77875,0.7766254993480382,0.7766254993480382,10.066476345062256,/content/calms21_minimum_body_paper_grade/models/model_seed_44_trunk_tail_both_mice.pt,/content/calms21_minimum_body_paper_grade/results/history_seed_44_trunk_tail_both_mice.csv,/content/calms21_minimum_body_paper_grade/results/predictions_seed_44_trunk_tail_both_mice.csv,0.786375,0.7863749999999999,0.7855294003679302,0.7855294003679302,99.03036083293594,99.03036083293595,98.86650951374685,98.86650951374685
44,hips_tail_both_mice,"0,1","left_hip,right_hip,tail_base",3,2,28,24003,8000,11,0.7705,0.7705,0.7724861305334814,0.7724861305334813,9.639808416366577,/content/calms21_minimum_body_paper_grade/models/model_seed_44_hips_tail_both_mice.pt,/content/calms21_minimum_body_paper_grade/results/history_seed_44_hips_tail_both_mice.csv,/content/calms21_minimum_body_paper_grade/results/predictions_seed_44_hips_tail_both_mice.csv,0.786375,0.7863749999999999,0.7855294003679302,0.7855294003679302,97.98124304562072,97.98124304562073,98.3395567590036,98.33955675900359
44,hips_only_both_mice,"0,1","left_hip,right_hip",2,2,19,24003,8000,7,0.76375,0.76375,0.7643403243190587,0.7643403243190589,11.80501914024353,/content/calms21_minimum_body_paper_grade/models/model_seed_44_hips_only_both_mice.pt,/content/calms21_minimum_body_paper_grade/results/history_seed_44_hips_only_both_mice.csv,/content/calms21_minimum_body_paper_grade/results/predictions_seed_44_hips_only_both_mice.csv,0.786375,0.7863749999999999,0.7855294003679302,0.7855294003679302,97.12287394690827,97.12287394690829,97.3025737752213,97.30257377522132
44,neck_only_both_mice,"0,1",neck,1,2,10,24003,8000,6,0.607375,0.607375,0.5967587797713864,0.5967587797713864,9.412233829498291,/content/calms21_minimum_body_paper_grade/models/model_seed_44_neck_only_both_mice.pt,/content/calms21_minimum_body_paper_grade/results/history_seed_44_neck_only_both_mice.csv,/content/calms21_minimum_body_paper_grade/results/predictions_seed_44_neck_only_both_mice.csv,0.786375,0.7863749999999999,0.7855294003679302,0.7855294003679302,77.23732316006993,77.23732316006995,75.9689935846925,75.9689935846925
44,tail_base_only_both_mice,"0,1",tail_base,1,2,10,24003,8000,3,0.6235,0.6235,0.6265239442239823,0.6265239442239823,9.335159301757812,/content/calms21_minimum_body_paper_grade/models/model_seed_44_tail_base_only_both_mice.pt,/content/calms21_minimum_body_paper_grade/results/history_seed_44_tail_base_only_both_mice.csv,/content/calms21_minimum_body_paper_grade/results/predictions_seed_44_tail_base_only_both_mice.csv,0.786375,0.7863749999999999,0.7855294003679302,0.7855294003679302,79.28787156254968,79.2878715625497,79.75817887026608,79.75817887026608
44,resident_only_full_body,0,"nose,left_ear,right_ear,neck,left_hip,right_hip,tail_base",7,1,28,24003,8000,10,0.599,0.599,0.602619719193607,0.602619719193607,9.72700047492981,/content/calms21_minimum_body_paper_grade/models/model_seed_44_resident_only_full_body.pt,/content/calms21_minimum_body_paper_grade/results/history_seed_44_resident_only_full_body.csv,/content/calms21_minimum_body_paper_grade/results/predictions_seed_44_resident_only_full_body.csv,0.786375,0.7863749999999999,0.7855294003679302,0.7855294003679302,76.1723096487045,76.1723096487045,76.71510689623445,76.71510689623445
44,intruder_only_full_body,1,"nose,left_ear,right_ear,neck,left_hip,right_hip,tail_base",7,1,28,24003,8000,7,0.56625,0.56625,0.5649637359224008,0.5649637359224008,9.692733526229858,/content/calms21_minimum_body_paper_grade/models/model_seed_44_intruder_only_full_body.pt,/content/calms21_minimum_body_paper_grade/results/history_seed_44_intruder_only_full_body.csv,/content/calms21_minimum_body_paper_grade/results/predictions_seed_44_intruder_only_full_body.csv,0.786375,0.7863749999999999,0.7855294003679302,0.7855294003679302,72.0076299475441,72.00762994754412,71.92139920641802,71.92139920641802
55,full_body_both_mice,"0,1","nose,left_ear,right_ear,neck,left_hip,right_hip,tail_base",7,2,65,25434,8000,6,0.754375,0.754375,0.7564523181152741,0.756452318115274,11.026643991470337,/content/calms21_minimum_body_paper_grade/models/model_seed_55_full_body_both_mice.pt,/content/calms21_minimum_body_paper_grade/results/history_seed_55_full_body_both_mice.csv,/content/calms21_minimum_body_paper_grade/results/predictions_seed_55_full_body_both_mice.csv,0.754375,0.754375,0.7564523181152741,0.756452318115274,100.0,100.0,100.0,99.99999999999999
55,head_neck_both_mice,"0,1","nose,left_ear,right_ear,neck",4,2,37,25434,8000,3,0.725125,0.725125,0.7276616428449618,0.7276616428449617,10.247702598571777,/content/calms21_minimum_body_paper_grade/models/model_seed_55_head_neck_both_mice.pt,/content/calms21_minimum_body_paper_grade/results/history_seed_55_head_neck_both_mice.csv,/content/calms21_minimum_body_paper_grade/results/predictions_seed_55_head_neck_both_mice.csv,0.754375,0.754375,0.7564523181152741,0.756452318115274,96.12261806130903,96.12261806130903,96.19398677473218,96.19398677473218
55,head_only_both_mice,"0,1","nose,left_ear,right_ear",3,2,28,25434,8000,2,0.732625,0.732625,0.7339961128217062,0.7339961128217062,10.091150283813477,/content/calms21_minimum_body_paper_grade/models/model_seed_55_head_only_both_mice.pt,/content/calms21_minimum_body_paper_grade/results/history_seed_55_head_only_both_mice.csv,/content/calms21_minimum_body_paper_grade/results/predictions_seed_55_head_only_both_mice.csv,0.754375,0.754375,0.7564523181152741,0.756452318115274,97.11681855840928,97.11681855840928,97.03137861358951,97.03137861358952
55,no_tail_both_mice,"0,1","nose,left_ear,right_ear,neck,left_hip,right_hip",6,2,55,25434,8000,8,0.738,0.738,0.7402417575853362,0.7402417575853362,10.987092733383179,/content/calms21_minimum_body_paper_grade/models/model_seed_55_no_tail_both_mice.pt,/content/calms21_minimum_body_paper_grade/results/history_seed_55_no_tail_both_mice.csv,/content/calms21_minimum_body_paper_grade/results/predictions_seed_55_no_tail_both_mice.csv,0.754375,0.754375,0.7564523181152741,0.756452318115274,97.82932891466446,97.82932891466446,97.85702811112706,97.85702811112708
55,trunk_tail_both_mice,"0,1","neck,left_hip,right_hip,tail_base",4,2,38,25434,8000,3,0.749,0.749,0.7489189235813523,0.7489189235813521,10.241925954818726,/content/calms21_minimum_body_paper_grade/models/model_seed_55_trunk_tail_both_mice.pt,/content/calms21_minimum_body_paper_grade/results/history_seed_55_trunk_tail_both_mice.csv,/content/calms21_minimum_body_paper_grade/results/predictions_seed_55_trunk_tail_both_mice.csv,0.754375,0.754375,0.7564523181152741,0.756452318115274,99.28748964374482,99.28748964374482,99.00411508385729,99.00411508385729
55,hips_tail_both_mice,"0,1","left_hip,right_hip,tail_base",3,2,28,25434,8000,2,0.757375,0.757375,0.7574673840493679,0.7574673840493679,9.943082332611084,/content/calms21_minimum_body_paper_grade/models/model_seed_55_hips_tail_both_mice.pt,/content/calms21_minimum_body_paper_grade/results/history_seed_55_hips_tail_both_mice.csv,/content/calms21_minimum_body_paper_grade/results/predictions_seed_55_hips_tail_both_mice.csv,0.754375,0.754375,0.7564523181152741,0.756452318115274,100.39768019884009,100.39768019884009,100.1341876956135,100.13418769561352
55,hips_only_both_mice,"0,1","left_hip,right_hip",2,2,19,25434,8000,5,0.7475,0.7474999999999999,0.7472044491173632,0.7472044491173631,12.121208429336548,/content/calms21_minimum_body_paper_grade/models/model_seed_55_hips_only_both_mice.pt,/content/calms21_minimum_body_paper_grade/results/history_seed_55_hips_only_both_mice.csv,/content/calms21_minimum_body_paper_grade/results/predictions_seed_55_hips_only_both_mice.csv,0.754375,0.754375,0.7564523181152741,0.756452318115274,99.08864954432477,99.08864954432477,98.77746835108493,98.77746835108493
55,neck_only_both_mice,"0,1",neck,1,2,10,25434,8000,9,0.612625,0.612625,0.6111350458878213,0.6111350458878212,9.811224937438965,/content/calms21_minimum_body_paper_grade/models/model_seed_55_neck_only_both_mice.pt,/content/calms21_minimum_body_paper_grade/results/history_seed_55_neck_only_both_mice.csv,/content/calms21_minimum_body_paper_grade/results/predictions_seed_55_neck_only_both_mice.csv,0.754375,0.754375,0.7564523181152741,0.756452318115274,81.20961060480529,81.20961060480529,80.78963224152507,80.78963224152507
55,tail_base_only_both_mice,"0,1",tail_base,1,2,10,25434,8000,8,0.569625,0.569625,0.5680389795335656,0.5680389795335656,9.727782487869263,/content/calms21_minimum_body_paper_grade/models/model_seed_55_tail_base_only_both_mice.pt,/content/calms21_minimum_body_paper_grade/results/history_seed_55_tail_base_only_both_mice.csv,/content/calms21_minimum_body_paper_grade/results/predictions_seed_55_tail_base_only_both_mice.csv,0.754375,0.754375,0.7564523181152741,0.756452318115274,75.50952775476388,75.50952775476388,75.09250298139789,75.09250298139789
55,resident_only_full_body,0,"nose,left_ear,right_ear,neck,left_hip,right_hip,tail_base",7,1,28,25434,8000,7,0.575875,0.575875,0.5764962164442471,0.576496216444247,10.063534021377563,/content/calms21_minimum_body_paper_grade/models/model_seed_55_resident_only_full_body.pt,/content/calms21_minimum_body_paper_grade/results/history_seed_55_resident_only_full_body.csv,/content/calms21_minimum_body_paper_grade/results/predictions_seed_55_resident_only_full_body.csv,0.754375,0.754375,0.7564523181152741,0.756452318115274,76.3380281690141,76.3380281690141,76.21051620022878,76.21051620022877
55,intruder_only_full_body,1,"nose,left_ear,right_ear,neck,left_hip,right_hip,tail_base",7,1,28,25434,8000,7,0.4915,0.49150000000000005,0.501672375269108,0.501672375269108,10.114354372024536,/content/calms21_minimum_body_paper_grade/models/model_seed_55_intruder_only_full_body.pt,/content/calms21_minimum_body_paper_grade/results/history_seed_55_intruder_only_full_body.csv,/content/calms21_minimum_body_paper_grade/results/predictions_seed_55_intruder_only_full_body.csv,0.754375,0.754375,0.7564523181152741,0.756452318115274,65.15327257663628,65.1532725766363,66.31910078867116,66.31910078867116
